accusamus,cum,Dolorem modi non ipsa.,Id id dolorum porro.
aliquid,autem,Aut aut mollitia eos hic id.,Molestias id ut et unde voluptas voluptate.
aliquid,Quijote,Todas estas borrascas que nos suceden,"Todas estas borrascas que nos suceden son señales de que presto ha de serenar el tiempo y han de sucedernos bien las cosas; porque no es posible que el mal ni el bien sean durables,"
culpa,at,Sit quia qui earum quis.,Sequi totam voluptates nulla officiis ad.
culpa,Cicero,Sed ut perspiciatis,"Ut enim ad minima veniam, quis nostrum exercitationem ullam"
debitis,dignissimos,Ab rem quod nesciunt numquam.,Occaecati adipisci distinctio dolore voluptatem quia.
dolores,dolorem,Sequi aut dolores sint quo.,Et autem explicabo est est.
eos,debitis,Excepturi culpa commodi non.,Dolores ducimus beatae ea et sed.
et,consequatur,Ut recusandae quis quo qui.,Explicabo in qui porro cupiditate totam.
et,Kafka,Estaba echado de espaldas ,"Estaba echado de espaldas sobre un duro caparazón y, al alzar la cabeza, vio su vientre convexo y oscuro"
qui,delectus,Voluptatum non sit eum.,Qui quod eius placeat.
sunt,doloremque,Voluptates sed quas eos.,Excepturi voluptatem nemo temporibus.
