url,title,description,name
at,Sit quia qui earum quis.,Sequi totam voluptates nulla officiis ad.,culpa
autem,Aut aut mollitia eos hic id.,Molestias id ut et unde voluptas voluptate.,aliquid
consequatur,Ut recusandae quis quo qui.,Explicabo in qui porro cupiditate totam.,et
cum,Dolorem modi non ipsa.,Id id dolorum porro.,accusamus
debitis,Excepturi culpa commodi non.,Dolores ducimus beatae ea et sed.,eos
delectus,Voluptatum non sit eum.,Qui quod eius placeat.,qui
dolorem,Sequi aut dolores sint quo.,Et autem explicabo est est.,dolores
doloremque,Voluptates sed quas eos.,Excepturi voluptatem nemo temporibus.,sunt
ea,Qui illum voluptatem eos.,Delectus non modi voluptas.,esse
sed,Itaque dolores ut expedita.,Esse reiciendis suscipit vel nostrum architecto laudantium.,eos
tenetur,Ullam dolor est sit nam.,Blanditiis voluptatem et vel ut dolores ut.,qui
vel,Voluptatibus vel dolore amet.,Asperiores ea omnis rerum vel.,debitis
velit,Modi enim sed aperiam ut.,Eos vero amet nesciunt enim nisi.,dolores
veritatis,Qui rerum cumque sit ratione.,Vitae harum blanditiis voluptatum maiores.,sunt
voluptatem,Ea est quaerat quo tempora.,Aut beatae voluptates et ducimus beatae in.,esse
