username,name,email,password
3147285,Prof. Eusebio Herzog I,yazmin43@example.org,123456
3457590,Gabriella Little,cristopher.lehner@example.org,123456
3461352,Maxwell Toy,rafael45@example.com,123456
3784353,Mr. Wade Medhurst,bgreenholt@example.org,123456
3819360,Mrs. Aylin Sipes,karley.dubuque@example.net,123456
3930252,Alysha Zemlak,wmarks@example.net,123456
4178979,Fabiola Nolan,roscoe31@example.org,123456
4285793,Dr. Gaetano Huels DDS,leola.goldner@example.net,123456
4316052,Prof. Lance Beer IV,chammes@example.com,123456
4376320,Solon Koepp,heathcote.brandy@example.com,123456
4378410,Jazmin Huels,america89@example.net,123456
4565279,Favian Tromp,schinner.jessy@example.org,123456
4671951,Katlynn Mills,rozella05@example.org,123456
4806198,Dr. Fausto Grant,mack.schmidt@example.com,123456
4883530,Dr. Woodrow Cremin,zboncak.melyssa@example.org,123456
4962562,Filomena Schumm,hermiston.aniya@example.com,123456
5044534,Jody Dietrich,jaren72@example.net,123456
5091373,Maye Quitzon,linnea97@example.net,123456
5209040,Mr. Michale Wehner,noe.armstrong@example.net,123456
5341032,Abraham Kulas,cruickshank.karlee@example.net,123456
