username,name,email,password,,,
3006878,Miss Addie Torp,ymurazik@example.org,123456,Ljj59MTHG2,2019-12-23 11:05:45,2019-12-23 11:05:45
6608665,Ms. Elouise Mertz DDS,fern02@example.org,123456,zTpzjG2vfT,2019-12-23 11:05:49,2019-12-23 11:05:49
6450081,Lizeth D'Amore,sgutmann@example.com,123456,Qj8Ezk6D5K,2019-12-23 11:05:50,2019-12-23 11:05:50
4051555,Grayce Moen,sedrick34@example.net,123456,tIFYTU0NRa,2019-12-23 11:05:50,2019-12-23 11:05:50
4433223,Noemie Sporer,jakubowski.austin@example.org,123456,4EmqCYz9qR,2019-12-23 11:05:50,2019-12-23 11:05:50
5577671,Rosanna Reinger,emile74@example.com,123456,5Y0b7y5LPM,2019-12-23 11:05:51,2019-12-23 11:05:51
5650830,Dulce Conroy,ernestine.schamberger@example.net,123456,g3Tp102goz,2019-12-23 11:05:51,2019-12-23 11:05:51
6541554,Juliana Dare DVM,alebsack@example.net,123456,3YqHCv2opE,2019-12-23 11:05:51,2019-12-23 11:05:51
7310693,Dr. Mathew Hane,rashad29@example.net,123456,q6jAWpAZCL,2019-12-23 11:05:51,2019-12-23 11:05:51
7900220,Linnie Brekke,branson.feest@example.net,123456,iDclyshfal,2019-12-23 11:05:52,2019-12-23 11:05:52
123456789,Doris Morales,dmorales55@tmp.com,123456,,,
